,action,wolfIdentity,sheepIdentity,precision,responseSubtlety,responsePosterior,RT(ms),realSubtlety,numberObjects,trajectoryFilename
0,True,0,1,50.0,5,0.9908584620764259,1816.6666666666667,5,9,/Users/xuhaokui/Documents/Research Document/modelingpercivedintention/data/trajectory/expt1/49.pkl
1,False,2,1,0.31,150,0.6950970419685255,8000.000000000001,150,3,/Users/xuhaokui/Documents/Research Document/modelingpercivedintention/data/trajectory/expt1/61.pkl
2,False,0,1,0.92,120,0.6999828337450844,8000.000000000001,150,6,/Users/xuhaokui/Documents/Research Document/modelingpercivedintention/data/trajectory/expt1/75.pkl
3,False,5,4,0.92,120,0.7683776770346002,8000.000000000001,180,6,/Users/xuhaokui/Documents/Research Document/modelingpercivedintention/data/trajectory/expt1/160.pkl
4,False,0,1,0.31,150,0.9082780539311501,8000.000000000001,180,3,/Users/xuhaokui/Documents/Research Document/modelingpercivedintention/data/trajectory/expt1/174.pkl
5,True,0,1,11.0,30,0.9901969397260615,4016.666666666667,30,4,/Users/xuhaokui/Documents/Research Document/modelingpercivedintention/data/trajectory/expt1/148.pkl
6,False,0,5,0.31,150,0.6991367975452288,8000.000000000001,180,6,/Users/xuhaokui/Documents/Research Document/modelingpercivedintention/data/trajectory/expt1/216.pkl
7,False,0,1,0.31,150,0.9319254166922916,8000.000000000001,180,3,/Users/xuhaokui/Documents/Research Document/modelingpercivedintention/data/trajectory/expt1/202.pkl
8,True,0,1,50.0,5,0.9925460889111646,1616.6666666666667,5,4,/Users/xuhaokui/Documents/Research Document/modelingpercivedintention/data/trajectory/expt1/203.pkl
9,True,0,1,50.0,5,0.9948564700744735,1816.6666666666667,5,9,/Users/xuhaokui/Documents/Research Document/modelingpercivedintention/data/trajectory/expt1/217.pkl
10,True,0,1,3.3,60,0.9900873079247325,7016.666666666667,60,4,/Users/xuhaokui/Documents/Research Document/modelingpercivedintention/data/trajectory/expt1/149.pkl
11,True,0,1,50.0,5,0.9927034920700168,1816.6666666666667,5,4,/Users/xuhaokui/Documents/Research Document/modelingpercivedintention/data/trajectory/expt1/175.pkl
12,True,0,1,50.0,5,0.9928290802256757,2016.6666666666667,5,9,/Users/xuhaokui/Documents/Research Document/modelingpercivedintention/data/trajectory/expt1/161.pkl
13,False,0,1,0.92,120,0.9692155862509146,8000.000000000001,120,6,/Users/xuhaokui/Documents/Research Document/modelingpercivedintention/data/trajectory/expt1/74.pkl
14,False,0,1,0.92,120,0.8870923391786171,8000.000000000001,120,3,/Users/xuhaokui/Documents/Research Document/modelingpercivedintention/data/trajectory/expt1/60.pkl
15,False,3,5,0.31,150,0.3033604885312686,8000.000000000001,180,6,/Users/xuhaokui/Documents/Research Document/modelingpercivedintention/data/trajectory/expt1/48.pkl
16,False,5,4,0.92,120,0.7115925603372192,8000.000000000001,180,6,/Users/xuhaokui/Documents/Research Document/modelingpercivedintention/data/trajectory/expt1/188.pkl
17,False,2,3,0.31,150,0.8752113398334248,8000.000000000001,180,6,/Users/xuhaokui/Documents/Research Document/modelingpercivedintention/data/trajectory/expt1/76.pkl
18,False,2,1,0.31,150,0.871565804357236,8000.000000000001,180,3,/Users/xuhaokui/Documents/Research Document/modelingpercivedintention/data/trajectory/expt1/62.pkl
19,False,0,1,3.3,60,0.8573509612942554,8000.000000000001,60,4,/Users/xuhaokui/Documents/Research Document/modelingpercivedintention/data/trajectory/expt1/177.pkl
20,False,0,1,0.31,150,0.9460327654590668,8000.000000000001,150,3,/Users/xuhaokui/Documents/Research Document/modelingpercivedintention/data/trajectory/expt1/89.pkl
21,False,0,1,3.3,60,0.9565797085984954,8000.000000000001,60,9,/Users/xuhaokui/Documents/Research Document/modelingpercivedintention/data/trajectory/expt1/163.pkl
22,False,1,2,0.92,120,0.49699974481989573,8000.000000000001,150,3,/Users/xuhaokui/Documents/Research Document/modelingpercivedintention/data/trajectory/expt1/201.pkl
23,False,0,1,0.92,120,0.8656262955177872,8000.000000000001,150,6,/Users/xuhaokui/Documents/Research Document/modelingpercivedintention/data/trajectory/expt1/215.pkl
24,False,0,1,0.92,120,0.9583531708815867,8000.000000000001,120,6,/Users/xuhaokui/Documents/Research Document/modelingpercivedintention/data/trajectory/expt1/214.pkl
25,False,0,1,0.92,120,0.543373684884834,8000.000000000001,120,3,/Users/xuhaokui/Documents/Research Document/modelingpercivedintention/data/trajectory/expt1/200.pkl
26,True,0,1,11.0,30,0.9960274526894122,2616.666666666667,30,9,/Users/xuhaokui/Documents/Research Document/modelingpercivedintention/data/trajectory/expt1/162.pkl
27,True,0,1,11.0,30,0.9936384519466869,3416.666666666667,30,4,/Users/xuhaokui/Documents/Research Document/modelingpercivedintention/data/trajectory/expt1/176.pkl
28,False,0,1,0.92,120,0.9536131310376647,8000.000000000001,120,3,/Users/xuhaokui/Documents/Research Document/modelingpercivedintention/data/trajectory/expt1/88.pkl
29,True,0,1,50.0,5,0.9909121388034879,1816.6666666666667,5,4,/Users/xuhaokui/Documents/Research Document/modelingpercivedintention/data/trajectory/expt1/63.pkl
30,True,0,1,50.0,5,0.9940436918348172,1416.6666666666667,5,9,/Users/xuhaokui/Documents/Research Document/modelingpercivedintention/data/trajectory/expt1/189.pkl
31,True,0,1,50.0,5,0.9912781137340548,1416.6666666666667,5,9,/Users/xuhaokui/Documents/Research Document/modelingpercivedintention/data/trajectory/expt1/77.pkl
32,True,0,1,1.83,90,0.991524950898664,7816.666666666667,90,6,/Users/xuhaokui/Documents/Research Document/modelingpercivedintention/data/trajectory/expt1/73.pkl
33,False,0,1,1.83,90,0.8954639727602782,8000.000000000001,90,3,/Users/xuhaokui/Documents/Research Document/modelingpercivedintention/data/trajectory/expt1/199.pkl
34,False,0,1,0.92,120,0.9772249512739154,8000.000000000001,120,4,/Users/xuhaokui/Documents/Research Document/modelingpercivedintention/data/trajectory/expt1/67.pkl
35,True,0,1,3.3,60,0.991580878741602,7616.666666666667,60,4,/Users/xuhaokui/Documents/Research Document/modelingpercivedintention/data/trajectory/expt1/9.pkl
36,False,0,1,0.92,120,0.9468952951344459,8000.000000000001,120,3,/Users/xuhaokui/Documents/Research Document/modelingpercivedintention/data/trajectory/expt1/172.pkl
37,False,6,0,0.92,120,0.8638863041265891,8000.000000000001,150,9,/Users/xuhaokui/Documents/Research Document/modelingpercivedintention/data/trajectory/expt1/166.pkl
38,True,0,1,50.0,5,0.9903381305929618,1616.6666666666667,5,6,/Users/xuhaokui/Documents/Research Document/modelingpercivedintention/data/trajectory/expt1/98.pkl
39,True,0,1,11.0,30,0.9901781480090975,3816.666666666667,30,4,/Users/xuhaokui/Documents/Research Document/modelingpercivedintention/data/trajectory/expt1/204.pkl
40,True,0,1,50.0,5,0.9930559518024501,1616.6666666666667,5,6,/Users/xuhaokui/Documents/Research Document/modelingpercivedintention/data/trajectory/expt1/210.pkl
41,True,0,1,11.0,30,0.9935749011944105,2816.666666666667,30,6,/Users/xuhaokui/Documents/Research Document/modelingpercivedintention/data/trajectory/expt1/211.pkl
42,False,0,1,3.3,60,0.9256537465281343,8000.000000000001,60,4,/Users/xuhaokui/Documents/Research Document/modelingpercivedintention/data/trajectory/expt1/205.pkl
43,False,7,5,0.31,150,0.6961634275429378,8000.000000000001,180,9,/Users/xuhaokui/Documents/Research Document/modelingpercivedintention/data/trajectory/expt1/167.pkl
44,False,0,1,3.3,60,0.7890653565355269,8000.000000000001,30,6,/Users/xuhaokui/Documents/Research Document/modelingpercivedintention/data/trajectory/expt1/99.pkl
45,False,0,1,0.31,150,0.6787739713670355,8000.000000000001,150,3,/Users/xuhaokui/Documents/Research Document/modelingpercivedintention/data/trajectory/expt1/173.pkl
46,True,0,1,11.0,30,0.9934379113828983,3216.666666666667,30,4,/Users/xuhaokui/Documents/Research Document/modelingpercivedintention/data/trajectory/expt1/8.pkl
47,False,0,1,3.3,60,0.956368363725453,8000.000000000001,60,3,/Users/xuhaokui/Documents/Research Document/modelingpercivedintention/data/trajectory/expt1/198.pkl
48,False,0,1,1.83,90,0.9706956899338632,8000.000000000001,90,4,/Users/xuhaokui/Documents/Research Document/modelingpercivedintention/data/trajectory/expt1/66.pkl
49,False,0,1,3.3,60,0.9454198605007276,8000.000000000001,60,6,/Users/xuhaokui/Documents/Research Document/modelingpercivedintention/data/trajectory/expt1/72.pkl
50,True,0,1,11.0,30,0.9909031590725061,3016.666666666667,30,4,/Users/xuhaokui/Documents/Research Document/modelingpercivedintention/data/trajectory/expt1/64.pkl
51,True,0,1,50.0,5,0.9932588025639251,1416.6666666666667,5,6,/Users/xuhaokui/Documents/Research Document/modelingpercivedintention/data/trajectory/expt1/70.pkl
52,False,0,1,3.3,60,0.8983352205752858,8000.000000000001,60,3,/Users/xuhaokui/Documents/Research Document/modelingpercivedintention/data/trajectory/expt1/58.pkl
53,False,0,1,0.92,120,0.9259036349640205,8000.000000000001,150,6,/Users/xuhaokui/Documents/Research Document/modelingpercivedintention/data/trajectory/expt1/159.pkl
54,False,0,1,0.92,120,0.8274336086486098,8000.000000000001,120,9,/Users/xuhaokui/Documents/Research Document/modelingpercivedintention/data/trajectory/expt1/165.pkl
55,False,0,1,1.83,90,0.9079768418656567,8000.000000000001,90,3,/Users/xuhaokui/Documents/Research Document/modelingpercivedintention/data/trajectory/expt1/171.pkl
56,False,0,1,0.92,120,0.6355729790258482,8000.000000000001,90,6,/Users/xuhaokui/Documents/Research Document/modelingpercivedintention/data/trajectory/expt1/213.pkl
57,False,0,1,0.92,120,0.8827654423158305,8000.000000000001,120,4,/Users/xuhaokui/Documents/Research Document/modelingpercivedintention/data/trajectory/expt1/207.pkl
58,False,0,1,1.83,90,0.9610495723016191,8000.000000000001,90,4,/Users/xuhaokui/Documents/Research Document/modelingpercivedintention/data/trajectory/expt1/206.pkl
59,False,0,1,3.3,60,0.9849113119234889,8000.000000000001,60,6,/Users/xuhaokui/Documents/Research Document/modelingpercivedintention/data/trajectory/expt1/212.pkl
60,True,0,1,3.3,60,0.9914405822703448,7816.666666666667,60,3,/Users/xuhaokui/Documents/Research Document/modelingpercivedintention/data/trajectory/expt1/170.pkl
61,False,0,1,1.83,90,0.9803954876385114,8000.000000000001,90,9,/Users/xuhaokui/Documents/Research Document/modelingpercivedintention/data/trajectory/expt1/164.pkl
62,False,4,2,0.92,120,0.9518050355814668,8000.000000000001,120,6,/Users/xuhaokui/Documents/Research Document/modelingpercivedintention/data/trajectory/expt1/158.pkl
63,False,0,1,1.83,90,0.9158685156785538,8000.000000000001,90,3,/Users/xuhaokui/Documents/Research Document/modelingpercivedintention/data/trajectory/expt1/59.pkl
64,True,0,1,11.0,30,0.9900832909573366,2616.666666666667,30,6,/Users/xuhaokui/Documents/Research Document/modelingpercivedintention/data/trajectory/expt1/71.pkl
65,False,0,1,3.3,60,0.9675583937533887,8000.000000000001,60,4,/Users/xuhaokui/Documents/Research Document/modelingpercivedintention/data/trajectory/expt1/65.pkl
66,False,0,1,3.3,60,0.7189097214994786,8000.000000000001,60,6,/Users/xuhaokui/Documents/Research Document/modelingpercivedintention/data/trajectory/expt1/16.pkl
67,False,5,3,0.92,120,0.6148702517811067,8000.000000000001,150,6,/Users/xuhaokui/Documents/Research Document/modelingpercivedintention/data/trajectory/expt1/103.pkl
68,False,2,0,0.31,150,0.5599359766709319,8000.000000000001,150,3,/Users/xuhaokui/Documents/Research Document/modelingpercivedintention/data/trajectory/expt1/117.pkl
69,False,0,1,1.83,90,0.9591475816581658,8000.000000000001,120,3,/Users/xuhaokui/Documents/Research Document/modelingpercivedintention/data/trajectory/expt1/116.pkl
70,False,0,1,0.92,120,0.6364369207266466,8000.000000000001,120,6,/Users/xuhaokui/Documents/Research Document/modelingpercivedintention/data/trajectory/expt1/102.pkl
71,False,0,1,1.83,90,0.8756771275852987,8000.000000000001,90,6,/Users/xuhaokui/Documents/Research Document/modelingpercivedintention/data/trajectory/expt1/17.pkl
72,True,0,1,11.0,30,0.9927485859592085,3816.666666666667,30,3,/Users/xuhaokui/Documents/Research Document/modelingpercivedintention/data/trajectory/expt1/29.pkl
73,True,0,1,11.0,30,0.991766355503899,3216.666666666667,30,6,/Users/xuhaokui/Documents/Research Document/modelingpercivedintention/data/trajectory/expt1/15.pkl
74,False,0,1,3.3,60,0.985617120519061,8000.000000000001,60,3,/Users/xuhaokui/Documents/Research Document/modelingpercivedintention/data/trajectory/expt1/114.pkl
75,True,0,1,3.3,60,0.9901126015443918,6816.666666666667,60,6,/Users/xuhaokui/Documents/Research Document/modelingpercivedintention/data/trajectory/expt1/100.pkl
76,False,0,1,3.3,60,0.9701722711813732,8000.000000000001,60,6,/Users/xuhaokui/Documents/Research Document/modelingpercivedintention/data/trajectory/expt1/128.pkl
77,False,0,1,1.83,90,0.949070679356502,8000.000000000001,90,6,/Users/xuhaokui/Documents/Research Document/modelingpercivedintention/data/trajectory/expt1/129.pkl
78,False,0,1,1.83,90,0.8681893984693327,8000.000000000001,90,6,/Users/xuhaokui/Documents/Research Document/modelingpercivedintention/data/trajectory/expt1/101.pkl
79,False,0,1,1.83,90,0.9542443364022568,8000.000000000001,90,3,/Users/xuhaokui/Documents/Research Document/modelingpercivedintention/data/trajectory/expt1/115.pkl
80,True,0,1,50.0,5,0.9924851227405194,2616.666666666667,5,6,/Users/xuhaokui/Documents/Research Document/modelingpercivedintention/data/trajectory/expt1/14.pkl
81,True,0,1,50.0,5,0.9950084789823287,1616.6666666666667,5,3,/Users/xuhaokui/Documents/Research Document/modelingpercivedintention/data/trajectory/expt1/28.pkl
82,False,0,1,1.83,90,0.977030823993315,8000.000000000001,90,4,/Users/xuhaokui/Documents/Research Document/modelingpercivedintention/data/trajectory/expt1/10.pkl
83,False,0,1,1.83,90,0.7670664618402842,8000.000000000001,90,4,/Users/xuhaokui/Documents/Research Document/modelingpercivedintention/data/trajectory/expt1/38.pkl
84,False,8,2,0.92,120,0.8205465087098678,8000.000000000001,180,9,/Users/xuhaokui/Documents/Research Document/modelingpercivedintention/data/trajectory/expt1/139.pkl
85,False,5,3,0.92,120,0.8175524881468758,8000.000000000001,180,9,/Users/xuhaokui/Documents/Research Document/modelingpercivedintention/data/trajectory/expt1/111.pkl
86,True,0,1,50.0,5,0.9905282077219448,1416.6666666666667,5,9,/Users/xuhaokui/Documents/Research Document/modelingpercivedintention/data/trajectory/expt1/105.pkl
87,False,2,3,0.31,150,0.801119905415563,8000.000000000001,180,6,/Users/xuhaokui/Documents/Research Document/modelingpercivedintention/data/trajectory/expt1/104.pkl
88,False,4,6,0.92,120,0.7462910725348855,8000.000000000001,150,9,/Users/xuhaokui/Documents/Research Document/modelingpercivedintention/data/trajectory/expt1/110.pkl
89,False,2,8,0.31,150,0.4856157383341786,8000.000000000001,150,9,/Users/xuhaokui/Documents/Research Document/modelingpercivedintention/data/trajectory/expt1/138.pkl
90,False,1,3,0.92,120,0.8305619532710452,8000.000000000001,120,4,/Users/xuhaokui/Documents/Research Document/modelingpercivedintention/data/trajectory/expt1/39.pkl
91,False,0,1,0.92,120,0.8656543956978309,8000.000000000001,120,4,/Users/xuhaokui/Documents/Research Document/modelingpercivedintention/data/trajectory/expt1/11.pkl
92,False,3,2,0.92,120,0.9174784317120823,8000.000000000001,180,4,/Users/xuhaokui/Documents/Research Document/modelingpercivedintention/data/trajectory/expt1/13.pkl
93,True,0,1,11.0,30,0.9915122776837142,3016.666666666667,30,9,/Users/xuhaokui/Documents/Research Document/modelingpercivedintention/data/trajectory/expt1/106.pkl
94,True,0,1,50.0,5,0.9904018259009081,2016.6666666666667,5,3,/Users/xuhaokui/Documents/Research Document/modelingpercivedintention/data/trajectory/expt1/112.pkl
95,True,0,1,11.0,30,0.9911744043209226,3416.666666666667,30,3,/Users/xuhaokui/Documents/Research Document/modelingpercivedintention/data/trajectory/expt1/113.pkl
96,False,0,1,3.3,60,0.918613283096426,8000.000000000001,60,9,/Users/xuhaokui/Documents/Research Document/modelingpercivedintention/data/trajectory/expt1/107.pkl
97,False,0,1,0.31,150,0.5324469497128076,8000.000000000001,150,4,/Users/xuhaokui/Documents/Research Document/modelingpercivedintention/data/trajectory/expt1/12.pkl
98,False,0,1,3.3,60,0.5374547679404772,8000.000000000001,60,9,/Users/xuhaokui/Documents/Research Document/modelingpercivedintention/data/trajectory/expt1/23.pkl
99,False,0,1,3.3,60,0.9742238134287294,8000.000000000001,60,4,/Users/xuhaokui/Documents/Research Document/modelingpercivedintention/data/trajectory/expt1/37.pkl
100,True,0,1,1.83,90,0.990460939489781,7816.666666666667,90,4,/Users/xuhaokui/Documents/Research Document/modelingpercivedintention/data/trajectory/expt1/122.pkl
101,False,0,1,1.83,90,0.5775345859225791,8000.000000000001,90,9,/Users/xuhaokui/Documents/Research Document/modelingpercivedintention/data/trajectory/expt1/136.pkl
102,False,8,7,1.83,90,0.942579992494034,8000.000000000001,120,9,/Users/xuhaokui/Documents/Research Document/modelingpercivedintention/data/trajectory/expt1/137.pkl
103,False,0,1,0.92,120,0.9060828409154242,8000.000000000001,120,4,/Users/xuhaokui/Documents/Research Document/modelingpercivedintention/data/trajectory/expt1/123.pkl
104,False,0,1,3.3,60,0.586193038935835,8000.000000000001,30,4,/Users/xuhaokui/Documents/Research Document/modelingpercivedintention/data/trajectory/expt1/36.pkl
105,True,0,1,11.0,30,0.9914756725606307,4616.666666666667,30,9,/Users/xuhaokui/Documents/Research Document/modelingpercivedintention/data/trajectory/expt1/22.pkl
106,False,0,1,0.31,150,0.962531253930331,8000.000000000001,180,3,/Users/xuhaokui/Documents/Research Document/modelingpercivedintention/data/trajectory/expt1/34.pkl
107,False,3,5,0.31,150,0.5466244346425375,8000.000000000001,180,6,/Users/xuhaokui/Documents/Research Document/modelingpercivedintention/data/trajectory/expt1/20.pkl
108,False,0,1,1.83,90,0.6649415941105705,8000.000000000001,60,9,/Users/xuhaokui/Documents/Research Document/modelingpercivedintention/data/trajectory/expt1/135.pkl
109,False,0,1,3.3,60,0.5684822472655752,8000.000000000001,60,4,/Users/xuhaokui/Documents/Research Document/modelingpercivedintention/data/trajectory/expt1/121.pkl
110,False,2,4,0.92,120,0.7875690568686123,8000.000000000001,120,9,/Users/xuhaokui/Documents/Research Document/modelingpercivedintention/data/trajectory/expt1/109.pkl
111,False,0,1,0.92,120,0.7328968652656871,8000.000000000001,90,9,/Users/xuhaokui/Documents/Research Document/modelingpercivedintention/data/trajectory/expt1/108.pkl
112,True,0,1,11.0,30,0.9909415254135493,2816.666666666667,30,4,/Users/xuhaokui/Documents/Research Document/modelingpercivedintention/data/trajectory/expt1/120.pkl
113,True,0,1,11.0,30,0.9915496093166217,7416.666666666667,30,9,/Users/xuhaokui/Documents/Research Document/modelingpercivedintention/data/trajectory/expt1/134.pkl
114,True,0,1,50.0,5,0.9905334586245359,4016.666666666667,5,9,/Users/xuhaokui/Documents/Research Document/modelingpercivedintention/data/trajectory/expt1/21.pkl
115,True,0,1,50.0,5,0.9933146016213131,1616.6666666666667,5,4,/Users/xuhaokui/Documents/Research Document/modelingpercivedintention/data/trajectory/expt1/35.pkl
116,False,0,1,1.83,90,0.9644067384362723,8000.000000000001,90,3,/Users/xuhaokui/Documents/Research Document/modelingpercivedintention/data/trajectory/expt1/31.pkl
117,False,2,7,0.92,120,0.9423690235613108,8000.000000000001,120,9,/Users/xuhaokui/Documents/Research Document/modelingpercivedintention/data/trajectory/expt1/25.pkl
118,False,0,1,0.92,120,0.7025435143811223,8000.000000000001,150,6,/Users/xuhaokui/Documents/Research Document/modelingpercivedintention/data/trajectory/expt1/19.pkl
119,False,0,1,0.31,150,0.7661676116400852,8000.000000000001,180,3,/Users/xuhaokui/Documents/Research Document/modelingpercivedintention/data/trajectory/expt1/118.pkl
120,False,0,1,0.92,120,0.7907567745594892,8000.000000000001,120,6,/Users/xuhaokui/Documents/Research Document/modelingpercivedintention/data/trajectory/expt1/130.pkl
121,False,2,3,0.92,120,0.5617262710673787,8000.000000000001,150,4,/Users/xuhaokui/Documents/Research Document/modelingpercivedintention/data/trajectory/expt1/124.pkl
122,False,0,1,0.31,150,0.8226104553596927,8000.000000000001,180,4,/Users/xuhaokui/Documents/Research Document/modelingpercivedintention/data/trajectory/expt1/125.pkl
123,False,4,5,0.92,120,0.6157211170367304,8000.000000000001,150,6,/Users/xuhaokui/Documents/Research Document/modelingpercivedintention/data/trajectory/expt1/131.pkl
124,True,0,1,50.0,5,0.9927525786840372,1816.6666666666667,5,4,/Users/xuhaokui/Documents/Research Document/modelingpercivedintention/data/trajectory/expt1/119.pkl
125,False,0,1,0.92,120,0.9514157386060355,8000.000000000001,120,6,/Users/xuhaokui/Documents/Research Document/modelingpercivedintention/data/trajectory/expt1/18.pkl
126,False,0,1,1.83,90,0.9432832585954782,8000.000000000001,90,9,/Users/xuhaokui/Documents/Research Document/modelingpercivedintention/data/trajectory/expt1/24.pkl
127,True,0,1,3.3,60,0.9917053410094171,7416.666666666667,60,3,/Users/xuhaokui/Documents/Research Document/modelingpercivedintention/data/trajectory/expt1/30.pkl
128,False,3,2,0.92,120,0.8108026538593497,8000.000000000001,150,9,/Users/xuhaokui/Documents/Research Document/modelingpercivedintention/data/trajectory/expt1/26.pkl
129,False,0,1,0.92,120,0.9783888275251208,8000.000000000001,120,3,/Users/xuhaokui/Documents/Research Document/modelingpercivedintention/data/trajectory/expt1/32.pkl
130,True,0,1,11.0,30,0.9904569840477712,2816.666666666667,30,6,/Users/xuhaokui/Documents/Research Document/modelingpercivedintention/data/trajectory/expt1/127.pkl
131,True,0,1,50.0,5,0.9917475106265422,1616.6666666666667,5,9,/Users/xuhaokui/Documents/Research Document/modelingpercivedintention/data/trajectory/expt1/133.pkl
132,False,5,3,0.92,120,0.9766087153637357,8000.000000000001,180,6,/Users/xuhaokui/Documents/Research Document/modelingpercivedintention/data/trajectory/expt1/132.pkl
133,True,0,1,50.0,5,0.9938148304136675,1416.6666666666667,5,6,/Users/xuhaokui/Documents/Research Document/modelingpercivedintention/data/trajectory/expt1/126.pkl
134,False,0,1,0.92,120,0.7605286616342104,8000.000000000001,150,3,/Users/xuhaokui/Documents/Research Document/modelingpercivedintention/data/trajectory/expt1/33.pkl
135,False,5,7,0.31,150,0.6352081810113067,8000.000000000001,180,9,/Users/xuhaokui/Documents/Research Document/modelingpercivedintention/data/trajectory/expt1/27.pkl
136,True,0,1,50.0,5,0.9938666831036971,1416.6666666666667,5,6,/Users/xuhaokui/Documents/Research Document/modelingpercivedintention/data/trajectory/expt1/182.pkl
137,False,3,1,0.92,120,0.5151028707130296,8000.000000000001,150,4,/Users/xuhaokui/Documents/Research Document/modelingpercivedintention/data/trajectory/expt1/68.pkl
138,True,0,1,50.0,5,0.992771643489617,1616.6666666666667,5,3,/Users/xuhaokui/Documents/Research Document/modelingpercivedintention/data/trajectory/expt1/196.pkl
139,False,1,2,0.31,150,0.42581820579434126,8000.000000000001,150,4,/Users/xuhaokui/Documents/Research Document/modelingpercivedintention/data/trajectory/expt1/40.pkl
140,False,5,4,0.92,120,0.6834241658114427,8000.000000000001,150,9,/Users/xuhaokui/Documents/Research Document/modelingpercivedintention/data/trajectory/expt1/54.pkl
141,False,2,0,0.31,150,0.5076094105573096,8000.000000000001,180,3,/Users/xuhaokui/Documents/Research Document/modelingpercivedintention/data/trajectory/expt1/6.pkl
142,True,0,1,11.0,30,0.9938414671885594,4016.666666666667,30,3,/Users/xuhaokui/Documents/Research Document/modelingpercivedintention/data/trajectory/expt1/141.pkl
143,True,0,1,11.0,30,0.9962773658520625,4816.666666666667,30,6,/Users/xuhaokui/Documents/Research Document/modelingpercivedintention/data/trajectory/expt1/155.pkl
144,False,3,5,0.92,120,0.8603798007746174,8000.000000000001,180,9,/Users/xuhaokui/Documents/Research Document/modelingpercivedintention/data/trajectory/expt1/83.pkl
145,False,2,3,0.92,120,0.802112267707351,8000.000000000001,180,4,/Users/xuhaokui/Documents/Research Document/modelingpercivedintention/data/trajectory/expt1/97.pkl
146,True,0,1,11.0,30,0.9923484017342329,3216.666666666667,30,3,/Users/xuhaokui/Documents/Research Document/modelingpercivedintention/data/trajectory/expt1/169.pkl
147,False,6,5,0.92,120,0.9696371809361976,8000.000000000001,180,9,/Users/xuhaokui/Documents/Research Document/modelingpercivedintention/data/trajectory/expt1/223.pkl
148,False,5,4,0.92,120,0.6540891144999852,8000.000000000001,150,9,/Users/xuhaokui/Documents/Research Document/modelingpercivedintention/data/trajectory/expt1/222.pkl
149,False,0,1,0.92,120,0.8225202861196796,8000.000000000001,150,4,/Users/xuhaokui/Documents/Research Document/modelingpercivedintention/data/trajectory/expt1/96.pkl
150,True,0,1,50.0,5,0.9921550614136905,1416.6666666666667,5,3,/Users/xuhaokui/Documents/Research Document/modelingpercivedintention/data/trajectory/expt1/168.pkl
151,False,4,2,1.83,90,0.9266877724855628,8000.000000000001,150,9,/Users/xuhaokui/Documents/Research Document/modelingpercivedintention/data/trajectory/expt1/82.pkl
152,True,0,1,50.0,5,0.9939966298419106,1416.6666666666667,5,6,/Users/xuhaokui/Documents/Research Document/modelingpercivedintention/data/trajectory/expt1/154.pkl
153,True,0,1,50.0,5,0.9925699062924169,1816.6666666666667,5,3,/Users/xuhaokui/Documents/Research Document/modelingpercivedintention/data/trajectory/expt1/140.pkl
154,False,5,4,0.31,150,0.5346158090952278,8000.000000000001,180,9,/Users/xuhaokui/Documents/Research Document/modelingpercivedintention/data/trajectory/expt1/55.pkl
155,True,0,1,50.0,5,0.9930891877836873,1616.6666666666667,5,4,/Users/xuhaokui/Documents/Research Document/modelingpercivedintention/data/trajectory/expt1/7.pkl
156,False,0,2,0.31,150,0.4016667292688298,8000.000000000001,180,4,/Users/xuhaokui/Documents/Research Document/modelingpercivedintention/data/trajectory/expt1/41.pkl
157,False,0,1,0.31,150,0.9476118069457146,8000.000000000001,180,4,/Users/xuhaokui/Documents/Research Document/modelingpercivedintention/data/trajectory/expt1/69.pkl
158,True,0,1,11.0,30,0.9902719619346685,3616.666666666667,30,3,/Users/xuhaokui/Documents/Research Document/modelingpercivedintention/data/trajectory/expt1/197.pkl
159,True,0,1,50.0,5,0.9929824626503867,3016.666666666667,30,6,/Users/xuhaokui/Documents/Research Document/modelingpercivedintention/data/trajectory/expt1/183.pkl
160,False,5,4,0.92,120,0.7597982043613607,8000.000000000001,180,9,/Users/xuhaokui/Documents/Research Document/modelingpercivedintention/data/trajectory/expt1/195.pkl
161,False,1,3,0.31,150,0.7921412837272277,8000.000000000001,180,4,/Users/xuhaokui/Documents/Research Document/modelingpercivedintention/data/trajectory/expt1/181.pkl
162,False,0,1,0.31,150,0.52222929724521,8000.000000000001,150,3,/Users/xuhaokui/Documents/Research Document/modelingpercivedintention/data/trajectory/expt1/5.pkl
163,True,0,1,11.0,30,0.9914144058601223,4616.666666666667,30,3,/Users/xuhaokui/Documents/Research Document/modelingpercivedintention/data/trajectory/expt1/57.pkl
164,True,0,1,11.0,30,0.9931464492329035,3016.666666666667,30,6,/Users/xuhaokui/Documents/Research Document/modelingpercivedintention/data/trajectory/expt1/43.pkl
165,False,0,1,3.3,60,0.8962767156273316,8000.000000000001,60,6,/Users/xuhaokui/Documents/Research Document/modelingpercivedintention/data/trajectory/expt1/156.pkl
166,True,0,1,3.3,60,0.9908310527775157,5216.666666666667,60,3,/Users/xuhaokui/Documents/Research Document/modelingpercivedintention/data/trajectory/expt1/142.pkl
167,False,0,1,1.83,90,0.9112862053595415,8000.000000000001,90,4,/Users/xuhaokui/Documents/Research Document/modelingpercivedintention/data/trajectory/expt1/94.pkl
168,False,0,1,1.83,90,0.8944696799856003,8000.000000000001,90,9,/Users/xuhaokui/Documents/Research Document/modelingpercivedintention/data/trajectory/expt1/80.pkl
169,False,0,1,1.83,90,0.9743985473943393,8000.000000000001,90,9,/Users/xuhaokui/Documents/Research Document/modelingpercivedintention/data/trajectory/expt1/220.pkl
170,False,0,1,0.31,150,0.8538279695061316,8000.000000000001,150,4,/Users/xuhaokui/Documents/Research Document/modelingpercivedintention/data/trajectory/expt1/208.pkl
171,False,0,1,0.31,150,0.932524131518998,8000.000000000001,180,4,/Users/xuhaokui/Documents/Research Document/modelingpercivedintention/data/trajectory/expt1/209.pkl
172,False,0,1,0.92,120,0.9314530830846867,8000.000000000001,120,9,/Users/xuhaokui/Documents/Research Document/modelingpercivedintention/data/trajectory/expt1/221.pkl
173,False,0,1,0.92,120,0.7252760026349008,8000.000000000001,120,9,/Users/xuhaokui/Documents/Research Document/modelingpercivedintention/data/trajectory/expt1/81.pkl
174,False,0,1,0.92,120,0.951722656700772,8000.000000000001,120,4,/Users/xuhaokui/Documents/Research Document/modelingpercivedintention/data/trajectory/expt1/95.pkl
175,False,0,1,1.83,90,0.8624714064238882,8000.000000000001,90,3,/Users/xuhaokui/Documents/Research Document/modelingpercivedintention/data/trajectory/expt1/143.pkl
176,False,0,1,1.83,90,0.7083690065073761,8000.000000000001,90,6,/Users/xuhaokui/Documents/Research Document/modelingpercivedintention/data/trajectory/expt1/157.pkl
177,True,0,1,50.0,5,0.9916892159016151,1416.6666666666667,5,6,/Users/xuhaokui/Documents/Research Document/modelingpercivedintention/data/trajectory/expt1/42.pkl
178,False,0,1,0.92,120,0.8873958146543564,8000.000000000001,120,3,/Users/xuhaokui/Documents/Research Document/modelingpercivedintention/data/trajectory/expt1/4.pkl
179,True,0,1,50.0,5,0.9905580753750558,3016.666666666667,5,3,/Users/xuhaokui/Documents/Research Document/modelingpercivedintention/data/trajectory/expt1/56.pkl
180,False,0,1,0.31,150,0.47131606447459273,8000.000000000001,150,4,/Users/xuhaokui/Documents/Research Document/modelingpercivedintention/data/trajectory/expt1/180.pkl
181,False,0,1,0.92,120,0.761538996958093,8000.000000000001,150,9,/Users/xuhaokui/Documents/Research Document/modelingpercivedintention/data/trajectory/expt1/194.pkl
182,False,0,1,1.83,90,0.9813602875854675,8000.000000000001,90,9,/Users/xuhaokui/Documents/Research Document/modelingpercivedintention/data/trajectory/expt1/52.pkl
183,True,0,1,50.0,5,0.9923565282316976,1416.6666666666667,5,3,/Users/xuhaokui/Documents/Research Document/modelingpercivedintention/data/trajectory/expt1/0.pkl
184,False,0,1,0.92,120,0.5233778137205349,8000.000000000001,120,6,/Users/xuhaokui/Documents/Research Document/modelingpercivedintention/data/trajectory/expt1/46.pkl
185,True,0,1,11.0,30,0.9964967868910969,3216.666666666667,30,9,/Users/xuhaokui/Documents/Research Document/modelingpercivedintention/data/trajectory/expt1/190.pkl
186,True,0,1,3.3,60,0.9911409598275782,5616.666666666667,60,6,/Users/xuhaokui/Documents/Research Document/modelingpercivedintention/data/trajectory/expt1/184.pkl
187,True,0,1,50.0,5,0.9940365866615483,1816.6666666666667,5,4,/Users/xuhaokui/Documents/Research Document/modelingpercivedintention/data/trajectory/expt1/91.pkl
188,True,0,1,11.0,30,0.9906302105940991,3816.666666666667,30,3,/Users/xuhaokui/Documents/Research Document/modelingpercivedintention/data/trajectory/expt1/85.pkl
189,False,2,1,0.92,120,0.5133366336837224,8000.000000000001,180,4,/Users/xuhaokui/Documents/Research Document/modelingpercivedintention/data/trajectory/expt1/153.pkl
190,True,0,1,50.0,5,0.9905115433542332,2016.6666666666667,5,4,/Users/xuhaokui/Documents/Research Document/modelingpercivedintention/data/trajectory/expt1/147.pkl
191,True,0,1,3.3,60,0.9905227556277589,6816.666666666667,60,9,/Users/xuhaokui/Documents/Research Document/modelingpercivedintention/data/trajectory/expt1/219.pkl
192,True,0,1,11.0,30,0.9914976871749495,3616.666666666667,30,9,/Users/xuhaokui/Documents/Research Document/modelingpercivedintention/data/trajectory/expt1/218.pkl
193,False,0,1,0.31,150,0.9847116746929123,8000.000000000001,180,3,/Users/xuhaokui/Documents/Research Document/modelingpercivedintention/data/trajectory/expt1/146.pkl
194,False,0,1,0.31,150,0.9483608066733547,8000.000000000001,150,4,/Users/xuhaokui/Documents/Research Document/modelingpercivedintention/data/trajectory/expt1/152.pkl
195,True,0,1,50.0,5,0.9936065920182454,1816.6666666666667,5,3,/Users/xuhaokui/Documents/Research Document/modelingpercivedintention/data/trajectory/expt1/84.pkl
196,False,0,1,0.92,120,0.6772433117722821,8000.000000000001,180,3,/Users/xuhaokui/Documents/Research Document/modelingpercivedintention/data/trajectory/expt1/90.pkl
197,False,0,1,1.83,90,0.8806797472758603,8000.000000000001,90,6,/Users/xuhaokui/Documents/Research Document/modelingpercivedintention/data/trajectory/expt1/185.pkl
198,True,0,1,3.3,60,0.9902713111946139,7416.666666666667,60,9,/Users/xuhaokui/Documents/Research Document/modelingpercivedintention/data/trajectory/expt1/191.pkl
199,False,0,1,0.92,120,0.5881867287701243,8000.000000000001,150,6,/Users/xuhaokui/Documents/Research Document/modelingpercivedintention/data/trajectory/expt1/47.pkl
200,False,5,4,1.83,90,0.9334095499579785,8000.000000000001,120,9,/Users/xuhaokui/Documents/Research Document/modelingpercivedintention/data/trajectory/expt1/53.pkl
201,False,0,1,3.3,60,0.9052475944182464,8000.000000000001,30,3,/Users/xuhaokui/Documents/Research Document/modelingpercivedintention/data/trajectory/expt1/1.pkl
202,False,0,1,1.83,90,0.9861464707221291,8000.000000000001,90,6,/Users/xuhaokui/Documents/Research Document/modelingpercivedintention/data/trajectory/expt1/45.pkl
203,False,0,1,1.83,90,0.9834795857948287,8000.000000000001,90,3,/Users/xuhaokui/Documents/Research Document/modelingpercivedintention/data/trajectory/expt1/3.pkl
204,False,0,1,3.3,60,0.9845685326415131,8000.000000000001,60,9,/Users/xuhaokui/Documents/Research Document/modelingpercivedintention/data/trajectory/expt1/51.pkl
205,True,0,1,3.3,60,0.991747404550663,6416.666666666667,60,9,/Users/xuhaokui/Documents/Research Document/modelingpercivedintention/data/trajectory/expt1/79.pkl
206,False,0,1,0.92,120,0.844832967870721,8000.000000000001,150,6,/Users/xuhaokui/Documents/Research Document/modelingpercivedintention/data/trajectory/expt1/187.pkl
207,False,0,1,0.92,120,0.6401346370504687,8000.000000000001,120,9,/Users/xuhaokui/Documents/Research Document/modelingpercivedintention/data/trajectory/expt1/193.pkl
208,False,0,1,3.3,60,0.9894948814104031,8000.000000000001,60,3,/Users/xuhaokui/Documents/Research Document/modelingpercivedintention/data/trajectory/expt1/86.pkl
209,False,0,1,1.83,90,0.9802739914660226,8000.000000000001,90,4,/Users/xuhaokui/Documents/Research Document/modelingpercivedintention/data/trajectory/expt1/178.pkl
210,True,0,1,11.0,30,0.993246331233775,3416.666666666667,30,4,/Users/xuhaokui/Documents/Research Document/modelingpercivedintention/data/trajectory/expt1/92.pkl
211,False,0,1,0.92,120,0.8732215887342085,8000.000000000001,120,3,/Users/xuhaokui/Documents/Research Document/modelingpercivedintention/data/trajectory/expt1/144.pkl
212,False,0,1,1.83,90,0.9345147281682507,8000.000000000001,90,4,/Users/xuhaokui/Documents/Research Document/modelingpercivedintention/data/trajectory/expt1/150.pkl
213,False,0,1,0.92,120,0.9530502604588974,8000.000000000001,120,4,/Users/xuhaokui/Documents/Research Document/modelingpercivedintention/data/trajectory/expt1/151.pkl
214,False,0,1,0.31,150,0.6704064108169674,8000.000000000001,150,3,/Users/xuhaokui/Documents/Research Document/modelingpercivedintention/data/trajectory/expt1/145.pkl
215,True,0,1,3.3,60,0.9905615523210042,6416.666666666667,60,4,/Users/xuhaokui/Documents/Research Document/modelingpercivedintention/data/trajectory/expt1/93.pkl
216,False,0,1,1.83,90,0.9024229932439999,8000.000000000001,90,3,/Users/xuhaokui/Documents/Research Document/modelingpercivedintention/data/trajectory/expt1/87.pkl
217,False,0,1,0.92,120,0.9274587755161251,8000.000000000001,120,4,/Users/xuhaokui/Documents/Research Document/modelingpercivedintention/data/trajectory/expt1/179.pkl
218,False,0,1,1.83,90,0.9077071181144202,8000.000000000001,90,9,/Users/xuhaokui/Documents/Research Document/modelingpercivedintention/data/trajectory/expt1/192.pkl
219,True,0,1,11.0,30,0.9938200150123941,2816.666666666667,30,9,/Users/xuhaokui/Documents/Research Document/modelingpercivedintention/data/trajectory/expt1/78.pkl
220,False,3,5,0.92,120,0.6099625763139637,8000.000000000001,120,6,/Users/xuhaokui/Documents/Research Document/modelingpercivedintention/data/trajectory/expt1/186.pkl
221,True,0,1,3.3,60,0.9919465556874848,6016.666666666667,60,3,/Users/xuhaokui/Documents/Research Document/modelingpercivedintention/data/trajectory/expt1/2.pkl
222,True,0,1,11.0,30,0.9932488119503506,2616.666666666667,30,9,/Users/xuhaokui/Documents/Research Document/modelingpercivedintention/data/trajectory/expt1/50.pkl
223,False,0,1,3.3,60,0.5465354042834243,8000.000000000001,60,6,/Users/xuhaokui/Documents/Research Document/modelingpercivedintention/data/trajectory/expt1/44.pkl
